scientificName,className,orderName,familyName,redlistCategory,systems,realm,url
Prolagus sardus,MAMMALIA,LAGOMORPHA,PROLAGIDAE,Extinct,Terrestrial,Palearctic,https://www.iucnredlist.org/species/18338/1737167
Bos primigenius,MAMMALIA,CETARTIODACTYLA,BOVIDAE,Extinct,Terrestrial,Palearctic,https://www.iucnredlist.org/species/136721/4332142
Pennatomys nivalis,MAMMALIA,RODENTIA,CRICETIDAE,Extinct,Terrestrial,Neotropical,https://www.iucnredlist.org/species/199838/9129524
Palaeopropithecus ingens,MAMMALIA,PRIMATES,PALAEOPROPITHECIDAE,Extinct,Terrestrial,Afrotropical,https://www.iucnredlist.org/species/136532/17971784
Xenothrix mcgregori,MAMMALIA,PRIMATES,PITHECIIDAE,Extinct,Terrestrial,Neotropical,https://www.iucnredlist.org/species/136515/17976302
Thylacinus cynocephalus,MAMMALIA,DASYUROMORPHIA,THYLACINIDAE,Extinct,Terrestrial,Australasian,https://www.iucnredlist.org/species/21866/21949291
Lagorchestes leporides,MAMMALIA,DIPROTODONTIA,MACROPODIDAE,Extinct,Terrestrial,Australasian,https://www.iucnredlist.org/species/11163/21954274
Lagorchestes asomatus,MAMMALIA,DIPROTODONTIA,MACROPODIDAE,Extinct,Terrestrial,Australasian,https://www.iucnredlist.org/species/11160/21954573
Onychogalea lunata,MAMMALIA,DIPROTODONTIA,MACROPODIDAE,Extinct,Terrestrial,Australasian,https://www.iucnredlist.org/species/15331/21957917
Potorous platyops,MAMMALIA,DIPROTODONTIA,POTOROIDAE,Extinct,Terrestrial,Australasian,https://www.iucnredlist.org/species/18103/21960570
Bettongia pusilla,MAMMALIA,DIPROTODONTIA,POTOROIDAE,Extinct,Terrestrial,Australasian,https://www.iucnredlist.org/species/136805/21960843
Caloprymnus campestris,MAMMALIA,DIPROTODONTIA,POTOROIDAE,Extinct,Terrestrial,Australasian,https://www.iucnredlist.org/species/3626/21961545
Chaeropus ecaudatus,MAMMALIA,PERAMELEMORPHIA,CHAEROPODIDAE,Extinct,Terrestrial,Australasian,https://www.iucnredlist.org/species/4322/21965168
Perameles eremiana,MAMMALIA,PERAMELEMORPHIA,PERAMELIDAE,Extinct,Terrestrial,Australasian,https://www.iucnredlist.org/species/16570/21965953
Macrotis leucura,MAMMALIA,PERAMELEMORPHIA,THYLACOMYIDAE,Extinct,Terrestrial,Australasian,https://www.iucnredlist.org/species/12651/21967376
Nyctophilus howensis,MAMMALIA,CHIROPTERA,VESPERTILIONIDAE,Extinct,Terrestrial,Australasian,https://www.iucnredlist.org/species/15006/22009211
Pteropus brunneus,MAMMALIA,CHIROPTERA,PTEROPODIDAE,Extinct,Terrestrial,Australasian,https://www.iucnredlist.org/species/18718/22078015
Pteropus pilosus,MAMMALIA,CHIROPTERA,PTEROPODIDAE,Extinct,Terrestrial,Oceanian,https://www.iucnredlist.org/species/18749/22086230
Pteropus subniger,MAMMALIA,CHIROPTERA,PTEROPODIDAE,Extinct,Terrestrial,Afrotropical,https://www.iucnredlist.org/species/18761/22088168
Pteropus tokudae,MAMMALIA,CHIROPTERA,PTEROPODIDAE,Extinct,Terrestrial,Oceanian,https://www.iucnredlist.org/species/18763/22088402
Pipistrellus sturdeei,MAMMALIA,CHIROPTERA,VESPERTILIONIDAE,Extinct,Terrestrial,Palearctic,https://www.iucnredlist.org/species/17365/22123157
Cryptonanus ignitus,MAMMALIA,DIDELPHIMORPHIA,DIDELPHIDAE,Extinct,Terrestrial,Neotropical,https://www.iucnredlist.org/species/41320/22177809
Geocapromys thoracatus,MAMMALIA,RODENTIA,CAPROMYIDAE,Extinct,Terrestrial,Neotropical,https://www.iucnredlist.org/species/9003/22186735
Geocapromys columbianus,MAMMALIA,RODENTIA,CAPROMYIDAE,Extinct,Terrestrial,Neotropical,https://www.iucnredlist.org/species/9004/22186798
Isolobodon portoricensis,MAMMALIA,RODENTIA,CAPROMYIDAE,Extinct,Terrestrial,Neotropical,https://www.iucnredlist.org/species/10860/22186876
Isolobodon montanus,MAMMALIA,RODENTIA,CAPROMYIDAE,Extinct,Terrestrial,Neotropical,https://www.iucnredlist.org/species/10859/22186956
Hexolobodon phenax,MAMMALIA,RODENTIA,CAPROMYIDAE,Extinct,Terrestrial,Neotropical,https://www.iucnredlist.org/species/10034/22187167
Plagiodontia ipnaeum,MAMMALIA,RODENTIA,CAPROMYIDAE,Extinct,Terrestrial,Neotropical,https://www.iucnredlist.org/species/17462/22187847
Brotomys voratus,MAMMALIA,RODENTIA,ECHIMYIDAE,Extinct,Terrestrial,Neotropical,https://www.iucnredlist.org/species/3121/22205792
Heteropsomys insulans,MAMMALIA,RODENTIA,ECHIMYIDAE,Extinct,Terrestrial,Neotropical,https://www.iucnredlist.org/species/10025/22205961
Boromys offella,MAMMALIA,RODENTIA,ECHIMYIDAE,Extinct,Terrestrial,Neotropical,https://www.iucnredlist.org/species/2885/22206052
Boromys torrei,MAMMALIA,RODENTIA,ECHIMYIDAE,Extinct,Terrestrial,Neotropical,https://www.iucnredlist.org/species/2886/22206099
Nesophontes edithae,MAMMALIA,EULIPOTYPHLA,NESOPHONTIDAE,Extinct,Terrestrial,Neotropical,https://www.iucnredlist.org/species/41313/22281466
Nesophontes zamicrus,MAMMALIA,EULIPOTYPHLA,NESOPHONTIDAE,Extinct,Terrestrial,Neotropical,https://www.iucnredlist.org/species/14676/22281556
Nesophontes micrus,MAMMALIA,EULIPOTYPHLA,NESOPHONTIDAE,Extinct,Terrestrial,Neotropical,https://www.iucnredlist.org/species/14673/22281612
Nesophontes paramicrus,MAMMALIA,EULIPOTYPHLA,NESOPHONTIDAE,Extinct,Terrestrial,Neotropical,https://www.iucnredlist.org/species/14674/22281668
Nesophontes hypomicrus,MAMMALIA,EULIPOTYPHLA,NESOPHONTIDAE,Extinct,Terrestrial,Neotropical,https://www.iucnredlist.org/species/14672/22281724
Nesophontes major,MAMMALIA,EULIPOTYPHLA,NESOPHONTIDAE,Extinct,Terrestrial,Neotropical,https://www.iucnredlist.org/species/136381/22281785
Solenodon marcanoi,MAMMALIA,EULIPOTYPHLA,SOLENODONTIDAE,Extinct,Terrestrial,Neotropical,https://www.iucnredlist.org/species/20322/22327069
Megaoryzomys curioi,MAMMALIA,RODENTIA,CRICETIDAE,Extinct,Terrestrial,Neotropical,https://www.iucnredlist.org/species/136657/22330270
Noronhomys vespuccii,MAMMALIA,RODENTIA,CRICETIDAE,Extinct,Terrestrial,Neotropical,https://www.iucnredlist.org/species/136692/22333193
Oligoryzomys victus,MAMMALIA,RODENTIA,CRICETIDAE,Extinct,Terrestrial,Neotropical,https://www.iucnredlist.org/species/15255/22357957
Peromyscus pembertoni,MAMMALIA,RODENTIA,CRICETIDAE,Extinct,Terrestrial,Nearctic,https://www.iucnredlist.org/species/16645/22361389
Megalomys desmarestii,MAMMALIA,RODENTIA,CRICETIDAE,Extinct,Terrestrial,Neotropical,https://www.iucnredlist.org/species/12980/22377057
Megalomys luciae,MAMMALIA,RODENTIA,CRICETIDAE,Extinct,Terrestrial,Neotropical,https://www.iucnredlist.org/species/12981/22377126
Oryzomys antillarum,MAMMALIA,RODENTIA,CRICETIDAE,Extinct,Terrestrial,Neotropical,https://www.iucnredlist.org/species/136540/22388029
Oryzomys nelsoni,MAMMALIA,RODENTIA,CRICETIDAE,Extinct,Terrestrial,Nearctic,https://www.iucnredlist.org/species/15583/22388135
Nesoryzomys darwini,MAMMALIA,RODENTIA,CRICETIDAE,Extinct,Terrestrial,Neotropical,https://www.iucnredlist.org/species/14706/22390382
Nesoryzomys indefessus,MAMMALIA,RODENTIA,CRICETIDAE,Extinct,Terrestrial,Neotropical,https://www.iucnredlist.org/species/14708/22390443
Pseudomys gouldii,MAMMALIA,RODENTIA,MURIDAE,Extinct,Terrestrial,Australasian,https://www.iucnredlist.org/species/18551/22398682
Pseudomys glaucus,MAMMALIA,RODENTIA,MURIDAE,Extinct,Terrestrial,Australasian,https://www.iucnredlist.org/species/18564/22399634
Notomys macrotis,MAMMALIA,RODENTIA,MURIDAE,Extinct,Terrestrial,Australasian,https://www.iucnredlist.org/species/14865/22401041
Notomys mordax,MAMMALIA,RODENTIA,MURIDAE,Extinct,Terrestrial,Australasian,https://www.iucnredlist.org/species/14866/22401111
Notomys amplus,MAMMALIA,RODENTIA,MURIDAE,Extinct,Terrestrial,Australasian,https://www.iucnredlist.org/species/14861/22401450
Notomys longicaudatus,MAMMALIA,RODENTIA,MURIDAE,Extinct,Terrestrial,Australasian,https://www.iucnredlist.org/species/14864/22401520
Coryphomys buehleri,MAMMALIA,RODENTIA,MURIDAE,Extinct,Terrestrial,Australasian,https://www.iucnredlist.org/species/5414/22416034
Rattus macleari,MAMMALIA,RODENTIA,MURIDAE,Extinct,Terrestrial,Indomalayan,https://www.iucnredlist.org/species/19344/22440729
Rattus nativitatis,MAMMALIA,RODENTIA,MURIDAE,Extinct,Terrestrial,Indomalayan,https://www.iucnredlist.org/species/19351/22443478
Conilurus albipes,MAMMALIA,RODENTIA,MURIDAE,Extinct,Terrestrial,Australasian,https://www.iucnredlist.org/species/5223/22450334
Leporillus apicalis,MAMMALIA,RODENTIA,MURIDAE,Extinct,Terrestrial,Australasian,https://www.iucnredlist.org/species/11633/22457421
Hydrodamalis gigas,MAMMALIA,SIRENIA,DUGONGIDAE,Extinct,Marine,Nearctic|Palearctic,https://www.iucnredlist.org/species/10303/43792683
Sus bucculentus,MAMMALIA,CETARTIODACTYLA,SUIDAE,Extinct,Terrestrial,Indomalayan,https://www.iucnredlist.org/species/21178/44140209
Neovison macrodon,MAMMALIA,CARNIVORA,MUSTELIDAE,Extinct,Terrestrial|Marine,Nearctic,https://www.iucnredlist.org/species/40784/45204492
Cryptoprocta spelea,MAMMALIA,CARNIVORA,EUPLERIDAE,Extinct,Terrestrial,Afrotropical,https://www.iucnredlist.org/species/136456/45221489
Neomonachus tropicalis,MAMMALIA,CARNIVORA,PHOCIDAE,Extinct,Terrestrial|Marine,Nearctic|Neotropical,https://www.iucnredlist.org/species/13655/45228171
Notomys robustus,MAMMALIA,RODENTIA,MURIDAE,Extinct,Terrestrial,Australasian,https://www.iucnredlist.org/species/45958541/45973101
Gazella saudiya,MAMMALIA,CETARTIODACTYLA,BOVIDAE,Extinct,Terrestrial,Palearctic,https://www.iucnredlist.org/species/8980/50187890
Gazella bilkis,MAMMALIA,CETARTIODACTYLA,BOVIDAE,Extinct,Terrestrial,Palearctic,https://www.iucnredlist.org/species/8987/50188129
Hippotragus leucophaeus,MAMMALIA,CETARTIODACTYLA,BOVIDAE,Extinct,Terrestrial,Afrotropical,https://www.iucnredlist.org/species/10168/50188573
Bettongia anhydra,MAMMALIA,DIPROTODONTIA,POTOROIDAE,Extinct,Terrestrial,Australasian,https://www.iucnredlist.org/species/71510353/71510399
Conilurus capricornensis,MAMMALIA,RODENTIA,MURIDAE,Extinct,Terrestrial,Australasian,https://www.iucnredlist.org/species/75927841/75927844
Pseudomys auritus,MAMMALIA,RODENTIA,MURIDAE,Extinct,Terrestrial,Australasian,https://www.iucnredlist.org/species/75927882/75927900
Lagostomus crassus,MAMMALIA,RODENTIA,CHINCHILLIDAE,Extinct,Terrestrial,Neotropical,https://www.iucnredlist.org/species/136452/78324250
Rucervus schomburgki,MAMMALIA,CETARTIODACTYLA,CERVIDAE,Extinct,Terrestrial|Freshwater (=Inland waters),Indomalayan,https://www.iucnredlist.org/species/4288/79818502
Dusicyon australis,MAMMALIA,CARNIVORA,CANIDAE,Extinct,Terrestrial,Neotropical,https://www.iucnredlist.org/species/6923/82310440
Dusicyon avus,MAMMALIA,CARNIVORA,CANIDAE,Extinct,Terrestrial,Neotropical,https://www.iucnredlist.org/species/82337482/82337485
Pteropus allenorum,MAMMALIA,CHIROPTERA,PTEROPODIDAE,Extinct,Terrestrial,Oceanian,https://www.iucnredlist.org/species/84882966/84882990
Hippopotamus madagascariensis,MAMMALIA,CETARTIODACTYLA,HIPPOPOTAMIDAE,Extinct,Terrestrial|Freshwater (=Inland waters),Afrotropical,https://www.iucnredlist.org/species/40783/90128828
Hippopotamus lemerlei,MAMMALIA,CETARTIODACTYLA,HIPPOPOTAMIDAE,Extinct,Terrestrial|Freshwater (=Inland waters),Afrotropical,https://www.iucnredlist.org/species/40782/90128915
Pteropus coxi,MAMMALIA,CHIROPTERA,PTEROPODIDAE,Extinct,Terrestrial,Oceanian,https://www.iucnredlist.org/species/84931267/95642285
Zalophus japonicus,MAMMALIA,CARNIVORA,OTARIIDAE,Extinct,Terrestrial|Marine,Palearctic,https://www.iucnredlist.org/species/41667/113089431
Macropus greyi,MAMMALIA,DIPROTODONTIA,MACROPODIDAE,Extinct,Terrestrial,Australasian,https://www.iucnredlist.org/species/12625/128952836
Juscelinomys candango,MAMMALIA,RODENTIA,CRICETIDAE,Extinct,Terrestrial,Neotropical,https://www.iucnredlist.org/species/10946/160756258
Melomys rubicola,MAMMALIA,RODENTIA,MURIDAE,Extinct,Terrestrial,Australasian,https://www.iucnredlist.org/species/13132/195439637
Pipistrellus murrayi,MAMMALIA,CHIROPTERA,VESPERTILIONIDAE,Extinct,Terrestrial,Indomalayan,https://www.iucnredlist.org/species/136769/209549918
Xenicus longipes,AVES,PASSERIFORMES,ACANTHISITTIDAE,Extinct,Terrestrial,Oceanian,https://www.iucnredlist.org/species/22698580/93690852
Traversia lyalli,AVES,PASSERIFORMES,ACANTHISITTIDAE,Extinct,Terrestrial,Oceanian,https://www.iucnredlist.org/species/22698593/93691279
Moho braccatus,AVES,PASSERIFORMES,MOHOIDAE,Extinct,Terrestrial,Oceanian,https://www.iucnredlist.org/species/22704323/93963628
Moho bishopi,AVES,PASSERIFORMES,MOHOIDAE,Extinct,Terrestrial,Oceanian,https://www.iucnredlist.org/species/22704335/93963979
Moho nobilis,AVES,PASSERIFORMES,MOHOIDAE,Extinct,Terrestrial,Oceanian,https://www.iucnredlist.org/species/22704342/93964244
Chaetoptila angustipluma,AVES,PASSERIFORMES,MOHOIDAE,Extinct,Terrestrial,Oceanian,https://www.iucnredlist.org/species/22704348/93964400
Gerygone insularis,AVES,PASSERIFORMES,ACANTHIZIDAE,Extinct,Terrestrial,Oceanian,https://www.iucnredlist.org/species/22704724/93982219
Turnagra capensis,AVES,PASSERIFORMES,ORIOLIDAE,Extinct,Terrestrial,Oceanian,https://www.iucnredlist.org/species/22705595/94026176
Myiagra freycineti,AVES,PASSERIFORMES,MONARCHIDAE,Extinct,Terrestrial,Oceanian,https://www.iucnredlist.org/species/22707354/94119161
Zoothera terrestris,AVES,PASSERIFORMES,TURDIDAE,Extinct,Terrestrial,Palearctic,https://www.iucnredlist.org/species/22708535/94163698
Myadestes myadestinus,AVES,PASSERIFORMES,TURDIDAE,Extinct,Terrestrial,Oceanian,https://www.iucnredlist.org/species/22708559/94165256
Aplonis corvina,AVES,PASSERIFORMES,STURNIDAE,Extinct,Terrestrial,Oceanian,https://www.iucnredlist.org/species/22710496/94248268
Aplonis mavornata,AVES,PASSERIFORMES,STURNIDAE,Extinct,Terrestrial,Oceanian,https://www.iucnredlist.org/species/22710499/94248417
Aplonis fusca,AVES,PASSERIFORMES,STURNIDAE,Extinct,Terrestrial,Oceanian,https://www.iucnredlist.org/species/22710511/94249210
Necropsar rodericanus,AVES,PASSERIFORMES,STURNIDAE,Extinct,Terrestrial,Afrotropical,https://www.iucnredlist.org/species/22710836/94263302
Fregilupus varius,AVES,PASSERIFORMES,STURNIDAE,Extinct,Terrestrial,Afrotropical,https://www.iucnredlist.org/species/22710840/94263439
Zosterops strenuus,AVES,PASSERIFORMES,ZOSTEROPIDAE,Extinct,Terrestrial,Oceanian,https://www.iucnredlist.org/species/22714223/94406811
Nesillas aldabrana,AVES,PASSERIFORMES,ACROCEPHALIDAE,Extinct,Terrestrial,Afrotropical,https://www.iucnredlist.org/species/22714587/94421643
Rhodacanthis flaviceps,AVES,PASSERIFORMES,FRINGILLIDAE,Extinct,Terrestrial,Oceanian,https://www.iucnredlist.org/species/22720745/94681389
Rhodacanthis palmeri,AVES,PASSERIFORMES,FRINGILLIDAE,Extinct,Terrestrial,Oceanian,https://www.iucnredlist.org/species/22720749/94681538
Viridonia sagittirostris,AVES,PASSERIFORMES,FRINGILLIDAE,Extinct,Terrestrial,Oceanian,https://www.iucnredlist.org/species/22720784/94682950
Ciridops anna,AVES,PASSERIFORMES,FRINGILLIDAE,Extinct,Terrestrial,Oceanian,https://www.iucnredlist.org/species/22720840/94686158
Drepanis pacifica,AVES,PASSERIFORMES,FRINGILLIDAE,Extinct,Terrestrial,Oceanian,https://www.iucnredlist.org/species/22720848/94686625
Drepanis funerea,AVES,PASSERIFORMES,FRINGILLIDAE,Extinct,Terrestrial,Oceanian,https://www.iucnredlist.org/species/22720852/94686803
Quiscalus palustris,AVES,PASSERIFORMES,ICTERIDAE,Extinct,Terrestrial|Freshwater (=Inland waters),Nearctic|Neotropical,https://www.iucnredlist.org/species/22724314/94859972
Anthornis melanocephala,AVES,PASSERIFORMES,MELIPHAGIDAE,Extinct,Terrestrial,Oceanian,https://www.iucnredlist.org/species/22728814/94997726
Turnagra tanagra,AVES,PASSERIFORMES,ORIOLIDAE,Extinct,Terrestrial,Oceanian,https://www.iucnredlist.org/species/22728820/94997902
Chloridops kona,AVES,PASSERIFORMES,FRINGILLIDAE,Extinct,Terrestrial,Oceanian,https://www.iucnredlist.org/species/22728825/94998118
Poodytes rufescens,AVES,PASSERIFORMES,LOCUSTELLIDAE,Extinct,Terrestrial,Oceanian,https://www.iucnredlist.org/species/22728902/95000164
Pomarea fluxa,AVES,PASSERIFORMES,MONARCHIDAE,Extinct,Terrestrial,Oceanian,https://www.iucnredlist.org/species/22732926/95051671
Pomarea nukuhivae,AVES,PASSERIFORMES,MONARCHIDAE,Extinct,Terrestrial,Oceanian,https://www.iucnredlist.org/species/22732936/95052074
Myadestes woahensis,AVES,PASSERIFORMES,TURDIDAE,Extinct,Terrestrial,Oceanian,https://www.iucnredlist.org/species/22708564/111775767
Moho apicalis,AVES,PASSERIFORMES,MOHOIDAE,Extinct,Terrestrial,Oceanian,https://www.iucnredlist.org/species/22704329/111776064
Dysmorodrepanis munroi,AVES,PASSERIFORMES,FRINGILLIDAE,Extinct,Terrestrial,Oceanian,https://www.iucnredlist.org/species/22720738/111776369
Carpodacus ferreorostris,AVES,PASSERIFORMES,FRINGILLIDAE,Extinct,Terrestrial,Palearctic,https://www.iucnredlist.org/species/22720622/111776645
Loxops wolstenholmei,AVES,PASSERIFORMES,FRINGILLIDAE,Extinct,Terrestrial,Oceanian,https://www.iucnredlist.org/species/103824105/117232993
Acrocephalus musae,AVES,PASSERIFORMES,ACROCEPHALIDAE,Extinct,Terrestrial,Oceanian,https://www.iucnredlist.org/species/22735592/117345149
Zosterops conspicillatus,AVES,PASSERIFORMES,ZOSTEROPIDAE,Extinct,Terrestrial,Oceanian,https://www.iucnredlist.org/species/103889155/117351603
Paroreomyza flammea,AVES,PASSERIFORMES,FRINGILLIDAE,Extinct,Terrestrial,Oceanian,https://www.iucnredlist.org/species/22720823/119118273
Pomarea pomarea,AVES,PASSERIFORMES,MONARCHIDAE,Extinct,Terrestrial,Oceanian,https://www.iucnredlist.org/species/22724444/119193265
Pyrocephalus dubius,AVES,PASSERIFORMES,TYRANNIDAE,Extinct,Terrestrial,Neotropical,https://www.iucnredlist.org/species/103682916/119211257
Aplonis ulietensis,AVES,PASSERIFORMES,STURNIDAE,Extinct,Terrestrial,Oceanian,https://www.iucnredlist.org/species/22734867/119212332
Heteralocha acutirostris,AVES,PASSERIFORMES,CALLAEIDAE,Extinct,Terrestrial,Oceanian,https://www.iucnredlist.org/species/22708091/119257859
Acrocephalus luscinius,AVES,PASSERIFORMES,ACROCEPHALIDAE,Extinct,Terrestrial|Freshwater (=Inland waters),Oceanian,https://www.iucnredlist.org/species/103780078/119548168
Acrocephalus nijoi,AVES,PASSERIFORMES,ACROCEPHALIDAE,Extinct,Terrestrial|Freshwater (=Inland waters),Oceanian,https://www.iucnredlist.org/species/103780109/119548740
Acrocephalus yamashinae,AVES,PASSERIFORMES,ACROCEPHALIDAE,Extinct,Terrestrial|Freshwater (=Inland waters),Oceanian,https://www.iucnredlist.org/species/103780103/119549229
Akialoa ellisiana,AVES,PASSERIFORMES,FRINGILLIDAE,Extinct,Terrestrial,Oceanian,https://www.iucnredlist.org/species/103823212/119549725
Akialoa lanaiensis,AVES,PASSERIFORMES,FRINGILLIDAE,Extinct,Terrestrial,Oceanian,https://www.iucnredlist.org/species/103823431/119549974
Akialoa obscura,AVES,PASSERIFORMES,FRINGILLIDAE,Extinct,Terrestrial,Oceanian,https://www.iucnredlist.org/species/22728910/119550231
Akialoa stejnegeri,AVES,PASSERIFORMES,FRINGILLIDAE,Extinct,Terrestrial,Oceanian,https://www.iucnredlist.org/species/103823250/119550506
Foudia delloni,AVES,PASSERIFORMES,PLOCEIDAE,Extinct,Terrestrial,Afrotropical,https://www.iucnredlist.org/species/103811601/119552278
Himatione fraithii,AVES,PASSERIFORMES,FRINGILLIDAE,Extinct,Terrestrial,Oceanian,https://www.iucnredlist.org/species/103829706/119553201
Pipilo naufragus,AVES,PASSERIFORMES,PASSERELLIDAE,Extinct,Terrestrial,Nearctic,https://www.iucnredlist.org/species/103772527/119555053
Zosterops semiflavus,AVES,PASSERIFORMES,ZOSTEROPIDAE,Extinct,Terrestrial,Afrotropical,https://www.iucnredlist.org/species/103889951/119560626
Acrocephalus astrolabii,AVES,PASSERIFORMES,ACROCEPHALIDAE,Extinct,Terrestrial|Freshwater (=Inland waters),Oceanian,https://www.iucnredlist.org/species/103780156/128263979
Turdus ravidus,AVES,PASSERIFORMES,TURDIDAE,Extinct,Terrestrial,Neotropical,https://www.iucnredlist.org/species/22708835/129654803
Melamprosops phaeosoma,AVES,PASSERIFORMES,FRINGILLIDAE,Extinct,Terrestrial,Oceanian,https://www.iucnredlist.org/species/22720863/153774712
Cichlocolaptes mazarbarnetti,AVES,PASSERIFORMES,FURNARIIDAE,Extinct,Terrestrial,Neotropical,https://www.iucnredlist.org/species/103671170/155880473
Philydor novaesi,AVES,PASSERIFORMES,FURNARIIDAE,Extinct,Terrestrial,Neotropical,https://www.iucnredlist.org/species/22702869/156126928
Hemignathus lucidus,AVES,PASSERIFORMES,FRINGILLIDAE,Extinct,Terrestrial,Oceanian,https://www.iucnredlist.org/species/103823595/181392751
Coturnix novaezelandiae,AVES,GALLIFORMES,PHASIANIDAE,Extinct,Terrestrial,Oceanian,https://www.iucnredlist.org/species/22678955/92795779
Camptorhynchus labradorius,AVES,ANSERIFORMES,ANATIDAE,Extinct,Terrestrial|Marine,Nearctic,https://www.iucnredlist.org/species/22680418/92862623
Mergus australis,AVES,ANSERIFORMES,ANATIDAE,Extinct,Freshwater (=Inland waters)|Marine,Oceanian,https://www.iucnredlist.org/species/22680496/92864737
Coua delalandei,AVES,CUCULIFORMES,CUCULIDAE,Extinct,Terrestrial,Afrotropical,https://www.iucnredlist.org/species/22684143/93016420
Nestor productus,AVES,PSITTACIFORMES,STRIGOPIDAE,Extinct,Terrestrial,Oceanian,https://www.iucnredlist.org/species/22684834/93049105
Psephotellus pulcherrimus,AVES,PSITTACIFORMES,PSITTACIDAE,Extinct,Terrestrial,Oceanian,https://www.iucnredlist.org/species/22685156/93061054
Cyanoramphus zealandicus,AVES,PSITTACIFORMES,PSITTACIDAE,Extinct,Terrestrial,Oceanian,https://www.iucnredlist.org/species/22685182/93061882
Mascarinus mascarin,AVES,PSITTACIFORMES,PSITTACIDAE,Extinct,Terrestrial,Afrotropical,https://www.iucnredlist.org/species/22685258/93065531
Palaeornis wardi,AVES,PSITTACIFORMES,PSITTACIDAE,Extinct,Terrestrial,Afrotropical,https://www.iucnredlist.org/species/22685437/93073309
Alexandrinus exsul,AVES,PSITTACIFORMES,PSITTACIDAE,Extinct,Terrestrial,Afrotropical,https://www.iucnredlist.org/species/22685465/93074571
Chlorostilbon bracei,AVES,CAPRIMULGIFORMES,TROCHILIDAE,Extinct,Terrestrial,Neotropical,https://www.iucnredlist.org/species/22687333/93148138
Sceloglaux albifacies,AVES,STRIGIFORMES,STRIGIDAE,Extinct,Terrestrial,Oceanian,https://www.iucnredlist.org/species/22689496/93232295
Raphus cucullatus,AVES,COLUMBIFORMES,COLUMBIDAE,Extinct,Terrestrial,Afrotropical,https://www.iucnredlist.org/species/22690059/93259513
Pezophaps solitaria,AVES,COLUMBIFORMES,COLUMBIDAE,Extinct,Terrestrial,Afrotropical,https://www.iucnredlist.org/species/22690062/93259685
Columba versicolor,AVES,COLUMBIFORMES,COLUMBIDAE,Extinct,Terrestrial,Palearctic,https://www.iucnredlist.org/species/22690218/93265793
Columba jouyi,AVES,COLUMBIFORMES,COLUMBIDAE,Extinct,Terrestrial,Palearctic,https://www.iucnredlist.org/species/22690222/93265958
Alopecoenas ferrugineus,AVES,COLUMBIFORMES,COLUMBIDAE,Extinct,Terrestrial,Oceanian,https://www.iucnredlist.org/species/22691052/93301514
Alopecoenas salamonis,AVES,COLUMBIFORMES,COLUMBIDAE,Extinct,Terrestrial,Oceanian,https://www.iucnredlist.org/species/22691056/93301654
Microgoura meeki,AVES,COLUMBIFORMES,COLUMBIDAE,Extinct,Terrestrial,Oceanian,https://www.iucnredlist.org/species/22691086/93302861
Ptilinopus mercierii,AVES,COLUMBIFORMES,COLUMBIDAE,Extinct,Terrestrial,Oceanian,https://www.iucnredlist.org/species/22691495/93314660
Alectroenas nitidissimus,AVES,COLUMBIFORMES,COLUMBIDAE,Extinct,Terrestrial,Afrotropical,https://www.iucnredlist.org/species/22691601/93318208
Hypotaenidia wakensis,AVES,GRUIFORMES,RALLIDAE,Extinct,Terrestrial,Nearctic|Oceanian,https://www.iucnredlist.org/species/22692447/93354203
Hypotaenidia pacifica,AVES,GRUIFORMES,RALLIDAE,Extinct,Terrestrial,Oceanian,https://www.iucnredlist.org/species/22692450/93354380
Hypotaenidia dieffenbachii,AVES,GRUIFORMES,RALLIDAE,Extinct,Terrestrial,Oceanian,https://www.iucnredlist.org/species/22692455/93354540
Zapornia palmeri,AVES,GRUIFORMES,RALLIDAE,Extinct,Terrestrial,Oceanian,https://www.iucnredlist.org/species/22692672/93363618
Zapornia sandwichensis,AVES,GRUIFORMES,RALLIDAE,Extinct,Terrestrial,Oceanian,https://www.iucnredlist.org/species/22692693/93364994
Zapornia monasa,AVES,GRUIFORMES,RALLIDAE,Extinct,Terrestrial|Freshwater (=Inland waters)|Marine,Oceanian,https://www.iucnredlist.org/species/22692708/93366211
Porphyrio albus,AVES,GRUIFORMES,RALLIDAE,Extinct,Terrestrial,Oceanian,https://www.iucnredlist.org/species/22692801/93370193
Prosobonia leucoptera,AVES,CHARADRIIFORMES,SCOLOPACIDAE,Extinct,Terrestrial|Freshwater (=Inland waters),Oceanian,https://www.iucnredlist.org/species/22693330/93396439
Tachybaptus rufolavatus,AVES,PODICIPEDIFORMES,PODICIPEDIDAE,Extinct,Freshwater (=Inland waters),Afrotropical,https://www.iucnredlist.org/species/22696558/93570744
Podilymbus gigas,AVES,PODICIPEDIFORMES,PODICIPEDIDAE,Extinct,Freshwater (=Inland waters),Neotropical,https://www.iucnredlist.org/species/22696577/93572322
Podiceps andinus,AVES,PODICIPEDIFORMES,PODICIPEDIDAE,Extinct,Freshwater (=Inland waters),Neotropical,https://www.iucnredlist.org/species/22696615/93574182
Urile perspicillatus,AVES,SULIFORMES,PHALACROCORACIDAE,Extinct,Terrestrial|Marine,Palearctic,https://www.iucnredlist.org/species/22696750/93584099
Ixobrychus novaezelandiae,AVES,PELECANIFORMES,ARDEIDAE,Extinct,Freshwater (=Inland waters),Oceanian,https://www.iucnredlist.org/species/22697307/93607264
Dromaius baudinianus,AVES,STRUTHIONIFORMES,CASUARIIDAE,Extinct,Terrestrial,Oceanian,https://www.iucnredlist.org/species/22724449/94867311
Coenocorypha iredalei,AVES,CHARADRIIFORMES,SCOLOPACIDAE,Extinct,Terrestrial,Oceanian,https://www.iucnredlist.org/species/22727515/94951415
Dromaius minor,AVES,STRUTHIONIFORMES,CASUARIIDAE,Extinct,Terrestrial,Oceanian,https://www.iucnredlist.org/species/22728643/94992893
Alopochen mauritiana,AVES,ANSERIFORMES,ANATIDAE,Extinct,Freshwater (=Inland waters),Afrotropical,https://www.iucnredlist.org/species/22728658/94993056
Anas theodori,AVES,ANSERIFORMES,ANATIDAE,Extinct,Freshwater (=Inland waters),Afrotropical,https://www.iucnredlist.org/species/22728662/94993214
Anas marecula,AVES,ANSERIFORMES,ANATIDAE,Extinct,Freshwater (=Inland waters),Afrotropical,https://www.iucnredlist.org/species/22728666/94993378
Upupa antaios,AVES,BUCEROTIFORMES,UPUPIDAE,Extinct,Terrestrial,Afrotropical,https://www.iucnredlist.org/species/22728670/94993541
Cyanoramphus ulietanus,AVES,PSITTACIFORMES,PSITTACIDAE,Extinct,Terrestrial,Oceanian,https://www.iucnredlist.org/species/22728673/94993704
Chlorostilbon elegans,AVES,CAPRIMULGIFORMES,TROCHILIDAE,Extinct,Terrestrial,Neotropical,https://www.iucnredlist.org/species/22728709/94994346
Porphyrio caerulescens,AVES,GRUIFORMES,RALLIDAE,Extinct,Terrestrial|Freshwater (=Inland waters),Afrotropical,https://www.iucnredlist.org/species/22728726/94994728
Porphyrio kukwiedei,AVES,GRUIFORMES,RALLIDAE,Extinct,Freshwater (=Inland waters),Oceanian,https://www.iucnredlist.org/species/22728732/94994890
Hypotaenidia poeciloptera,AVES,GRUIFORMES,RALLIDAE,Extinct,Terrestrial,Oceanian,https://www.iucnredlist.org/species/22728740/94995068
Mundia elpenor,AVES,GRUIFORMES,RALLIDAE,Extinct,Terrestrial,Afrotropical,https://www.iucnredlist.org/species/22728746/94995240
Laterallus podarces,AVES,GRUIFORMES,RALLIDAE,Extinct,Terrestrial,Afrotropical,https://www.iucnredlist.org/species/22728754/94995398
Zapornia nigra,AVES,GRUIFORMES,RALLIDAE,Extinct,Terrestrial,Oceanian,https://www.iucnredlist.org/species/22728757/94995544
Zapornia astrictocarpus,AVES,GRUIFORMES,RALLIDAE,Extinct,Terrestrial,Afrotropical,https://www.iucnredlist.org/species/22728760/94995685
Gallinula nesiotis,AVES,GRUIFORMES,RALLIDAE,Extinct,Terrestrial|Freshwater (=Inland waters),Afrotropical,https://www.iucnredlist.org/species/22728763/94995836
Fulica newtonii,AVES,GRUIFORMES,RALLIDAE,Extinct,Freshwater (=Inland waters),Afrotropical,https://www.iucnredlist.org/species/22728769/94996050
Prosobonia ellisi,AVES,CHARADRIIFORMES,SCOLOPACIDAE,Extinct,Terrestrial|Freshwater (=Inland waters),Oceanian,https://www.iucnredlist.org/species/22728772/94996223
Nycticorax mauritianus,AVES,PELECANIFORMES,ARDEIDAE,Extinct,Freshwater (=Inland waters),Afrotropical,https://www.iucnredlist.org/species/22728777/94996372
Nycticorax duboisi,AVES,PELECANIFORMES,ARDEIDAE,Extinct,Freshwater (=Inland waters),Afrotropical,https://www.iucnredlist.org/species/22728781/94996515
Nycticorax megacephalus,AVES,PELECANIFORMES,ARDEIDAE,Extinct,Freshwater (=Inland waters),Afrotropical,https://www.iucnredlist.org/species/22728787/94996659
Pterodroma rupinarum,AVES,PROCELLARIIFORMES,PROCELLARIIDAE,Extinct,Terrestrial|Marine,Afrotropical,https://www.iucnredlist.org/species/22728800/94996980
Bulweria bifax,AVES,PROCELLARIIFORMES,PROCELLARIIDAE,Extinct,Terrestrial|Marine,Afrotropical,https://www.iucnredlist.org/species/22728804/94997177
Porphyrio mantelli,AVES,GRUIFORMES,RALLIDAE,Extinct,Terrestrial,Oceanian,https://www.iucnredlist.org/species/22728833/94998264
Nannococcyx psix,AVES,CUCULIFORMES,CUCULIDAE,Extinct,Terrestrial,Afrotropical,https://www.iucnredlist.org/species/22728841/94998433
Lophopsittacus bensoni,AVES,PSITTACIFORMES,PSITTACIDAE,Extinct,Terrestrial,Afrotropical,https://www.iucnredlist.org/species/22728844/94998578
Lophopsittacus mauritianus,AVES,PSITTACIFORMES,PSITTACIDAE,Extinct,Terrestrial,Afrotropical,https://www.iucnredlist.org/species/22728847/94998733
Necropsittacus rodricanus,AVES,PSITTACIFORMES,PSITTACIDAE,Extinct,Terrestrial,Afrotropical,https://www.iucnredlist.org/species/22728851/94998888
Mascarenotus murivorus,AVES,STRIGIFORMES,STRIGIDAE,Extinct,Terrestrial,Afrotropical,https://www.iucnredlist.org/species/22728856/94999047
Mascarenotus sauzieri,AVES,STRIGIFORMES,STRIGIDAE,Extinct,Terrestrial,Afrotropical,https://www.iucnredlist.org/species/22728861/94999192
Cabalus modestus,AVES,GRUIFORMES,RALLIDAE,Extinct,Terrestrial,Oceanian,https://www.iucnredlist.org/species/22728873/94999473
Aphanapteryx bonasia,AVES,GRUIFORMES,RALLIDAE,Extinct,Terrestrial,Afrotropical,https://www.iucnredlist.org/species/22728884/94999673
Erythromachus leguati,AVES,GRUIFORMES,RALLIDAE,Extinct,Terrestrial,Afrotropical,https://www.iucnredlist.org/species/22728889/94999834
Caracara lutosa,AVES,FALCONIFORMES,FALCONIDAE,Extinct,Terrestrial,Nearctic,https://www.iucnredlist.org/species/22728892/94999996
Alopochen kervazoi,AVES,ANSERIFORMES,ANATIDAE,Extinct,Freshwater (=Inland waters),Afrotropical,https://www.iucnredlist.org/species/22729490/95017764
Falco duboisi,AVES,FALCONIFORMES,FALCONIDAE,Extinct,Terrestrial,Afrotropical,https://www.iucnredlist.org/species/22731930/95038951
Caloenas maculata,AVES,COLUMBIFORMES,COLUMBIDAE,Extinct,Terrestrial,Oceanian,https://www.iucnredlist.org/species/22734732/95095848
Coenocorypha barrierensis,AVES,CHARADRIIFORMES,SCOLOPACIDAE,Extinct,Terrestrial,Oceanian,https://www.iucnredlist.org/species/62178398/95191768
Aegolius gradyi,AVES,STRIGIFORMES,STRIGIDAE,Extinct,Terrestrial,Nearctic,https://www.iucnredlist.org/species/62184893/95192681
Chenonetta finschi,AVES,ANSERIFORMES,ANATIDAE,Extinct,Terrestrial,Oceanian,https://www.iucnredlist.org/species/62239833/119205634
Columba thiriouxi,AVES,COLUMBIFORMES,COLUMBIDAE,Extinct,Terrestrial,Afrotropical,https://www.iucnredlist.org/species/62254534/119206067
Nesoenas cicur,AVES,COLUMBIFORMES,COLUMBIDAE,Extinct,Terrestrial,Afrotropical,https://www.iucnredlist.org/species/62257034/119206244
Nesoenas rodericanus,AVES,COLUMBIFORMES,COLUMBIDAE,Extinct,Terrestrial,Afrotropical,https://www.iucnredlist.org/species/22728722/119206485
Alectroenas payandeei,AVES,COLUMBIFORMES,COLUMBIDAE,Extinct,Terrestrial,Afrotropical,https://www.iucnredlist.org/species/62759683/119206636
Dryolimnas augusti,AVES,GRUIFORMES,RALLIDAE,Extinct,Terrestrial|Freshwater (=Inland waters),Afrotropical,https://www.iucnredlist.org/species/62258591/119207514
Porphyrio paepae,AVES,GRUIFORMES,RALLIDAE,Extinct,Terrestrial|Freshwater (=Inland waters),Oceanian,https://www.iucnredlist.org/species/62263064/119207668
Tribonyx hodgenorum,AVES,GRUIFORMES,RALLIDAE,Extinct,Terrestrial|Freshwater (=Inland waters),Australasian,https://www.iucnredlist.org/species/62274163/119207810
Nyctanassa carcinocatactes,AVES,PELECANIFORMES,ARDEIDAE,Extinct,Terrestrial|Freshwater (=Inland waters),Neotropical,https://www.iucnredlist.org/species/62286255/119207935
Prosobonia cancellata,AVES,CHARADRIIFORMES,SCOLOPACIDAE,Extinct,Terrestrial|Marine,Oceanian,https://www.iucnredlist.org/species/62289108/119208101
Bermuteo avivorus,AVES,ACCIPITRIFORMES,ACCIPITRIDAE,Extinct,Terrestrial,Neotropical,https://www.iucnredlist.org/species/62183030/119208276
Colaptes oceanicus,AVES,PICIFORMES,PICIDAE,Extinct,Terrestrial,Neotropical,https://www.iucnredlist.org/species/62322970/119208417
Eclectus infectus,AVES,PSITTACIFORMES,PSITTACIDAE,Extinct,Terrestrial,Oceanian,https://www.iucnredlist.org/species/62307504/119208554
Nesoenas duboisi,AVES,COLUMBIFORMES,COLUMBIDAE,Extinct,Terrestrial,Afrotropical,https://www.iucnredlist.org/species/22728712/119260576
Diaphorapteryx hawkinsi,AVES,GRUIFORMES,RALLIDAE,Extinct,Terrestrial,Oceanian,https://www.iucnredlist.org/species/22733394/119260892
Threskiornis solitarius,AVES,PELECANIFORMES,THRESKIORNITHIDAE,Extinct,Terrestrial|Freshwater (=Inland waters),Afrotropical,https://www.iucnredlist.org/species/22728791/119423949
Mascarenotus grucheti,AVES,STRIGIFORMES,STRIGIDAE,Extinct,Terrestrial,Afrotropical,https://www.iucnredlist.org/species/22728866/119424909
Ectopistes migratorius,AVES,COLUMBIFORMES,COLUMBIDAE,Extinct,Terrestrial,Nearctic,https://www.iucnredlist.org/species/22690733/152593137
Amazona martinicana,AVES,PSITTACIFORMES,PSITTACIDAE,Extinct,Terrestrial,Neotropical,https://www.iucnredlist.org/species/22728705/194903850
Amazona violacea,AVES,PSITTACIFORMES,PSITTACIDAE,Extinct,Terrestrial,Neotropical,https://www.iucnredlist.org/species/22728701/194911615
Ara tricolor,AVES,PSITTACIFORMES,PSITTACIDAE,Extinct,Terrestrial,Neotropical,https://www.iucnredlist.org/species/22724513/194916284
Psittacara labati,AVES,PSITTACIFORMES,PSITTACIDAE,Extinct,Terrestrial,Neotropical,https://www.iucnredlist.org/species/22728696/194926140
Conuropsis carolinensis,AVES,PSITTACIFORMES,PSITTACIDAE,Extinct,Terrestrial,Nearctic,https://www.iucnredlist.org/species/22685776/195444267
Haematopus meadewaldoi,AVES,CHARADRIIFORMES,HAEMATOPODIDAE,Extinct,Terrestrial|Marine,Palearctic,https://www.iucnredlist.org/species/22693621/205917399
Pinguinus impennis,AVES,CHARADRIIFORMES,ALCIDAE,Extinct,Terrestrial|Marine,Nearctic|Palearctic,https://www.iucnredlist.org/species/22694856/205919631
Megupsilon aporus,ACTINOPTERYGII,CYPRINODONTIFORMES,CYPRINODONTIDAE,Extinct,Freshwater (=Inland waters),Nearctic,https://www.iucnredlist.org/species/13013/511283
Notropis aulidion,ACTINOPTERYGII,CYPRINIFORMES,CYPRINIDAE,Extinct,Freshwater (=Inland waters),Nearctic,https://www.iucnredlist.org/species/14882/546490
Notropis saladonis,ACTINOPTERYGII,CYPRINIFORMES,CYPRINIDAE,Extinct,Freshwater (=Inland waters),Nearctic,https://www.iucnredlist.org/species/14894/546742
Atherinella callida,ACTINOPTERYGII,ATHERINIFORMES,ATHERINOPSIDAE,Extinct,Freshwater (=Inland waters),Neotropical,https://www.iucnredlist.org/species/191116/1970358
Stypodon signifer,ACTINOPTERYGII,CYPRINIFORMES,CYPRINIDAE,Extinct,Freshwater (=Inland waters),Nearctic,https://www.iucnredlist.org/species/21120/2774500
Characodon garmani,ACTINOPTERYGII,CYPRINODONTIFORMES,GOODEIDAE,Extinct,Freshwater (=Inland waters),Nearctic,https://www.iucnredlist.org/species/4530/3000349
Chasmistes muriei,ACTINOPTERYGII,CYPRINIFORMES,CATOSTOMIDAE,Extinct,Freshwater (=Inland waters),Nearctic,https://www.iucnredlist.org/species/4589/3004173
Cyprinodon inmemoriam,ACTINOPTERYGII,CYPRINODONTIFORMES,CYPRINODONTIDAE,Extinct,Freshwater (=Inland waters),Nearctic,https://www.iucnredlist.org/species/6176/3107502
Cyprinodon ceciliae,ACTINOPTERYGII,CYPRINODONTIFORMES,CYPRINODONTIDAE,Extinct,Freshwater (=Inland waters),Nearctic,https://www.iucnredlist.org/species/6177/3107534
Evarra bustamantei,ACTINOPTERYGII,CYPRINIFORMES,CYPRINIDAE,Extinct,Freshwater (=Inland waters),Neotropical,https://www.iucnredlist.org/species/8431/3145702
Evarra eigenmanni,ACTINOPTERYGII,CYPRINIFORMES,CYPRINIDAE,Extinct,Freshwater (=Inland waters),Neotropical,https://www.iucnredlist.org/species/8432/3145753
Evarra tlahuacensis,ACTINOPTERYGII,CYPRINIFORMES,CYPRINIDAE,Extinct,Freshwater (=Inland waters),Neotropical,https://www.iucnredlist.org/species/8433/3145804
Salvelinus neocomensis,ACTINOPTERYGII,SALMONIFORMES,SALMONIDAE,Extinct,Freshwater (=Inland waters),Palearctic,https://www.iucnredlist.org/species/135421/4127253
Coregonus gutturosus,ACTINOPTERYGII,SALMONIFORMES,SALMONIDAE,Extinct,Freshwater (=Inland waters),Palearctic,https://www.iucnredlist.org/species/135506/4134620
Salvelinus profundus,ACTINOPTERYGII,SALMONIFORMES,SALMONIDAE,Extinct,Freshwater (=Inland waters),Palearctic,https://www.iucnredlist.org/species/135539/4141058
Coregonus bezola,ACTINOPTERYGII,SALMONIFORMES,SALMONIDAE,Extinct,Freshwater (=Inland waters),Palearctic,https://www.iucnredlist.org/species/135556/4144562
Coregonus restrictus,ACTINOPTERYGII,SALMONIFORMES,SALMONIDAE,Extinct,Freshwater (=Inland waters),Palearctic,https://www.iucnredlist.org/species/135570/4149314
Coregonus fera,ACTINOPTERYGII,SALMONIFORMES,SALMONIDAE,Extinct,Freshwater (=Inland waters),Palearctic,https://www.iucnredlist.org/species/135627/4165119
Romanogobio antipai,ACTINOPTERYGII,CYPRINIFORMES,CYPRINIDAE,Extinct,Freshwater (=Inland waters),Palearctic,https://www.iucnredlist.org/species/135636/4167651
Gasterosteus crenobiontus,ACTINOPTERYGII,GASTEROSTEIFORMES,GASTEROSTEIDAE,Extinct,Freshwater (=Inland waters),Palearctic,https://www.iucnredlist.org/species/135637/4167779
Coregonus hiemalis,ACTINOPTERYGII,SALMONIFORMES,SALMONIDAE,Extinct,Freshwater (=Inland waters),Palearctic,https://www.iucnredlist.org/species/135671/4175929
Anabarilius macrolepis,ACTINOPTERYGII,CYPRINIFORMES,XENOCYPRIDIDAE,Extinct,Freshwater (=Inland waters),Indomalayan,https://www.iucnredlist.org/species/166049/6178632
Platytropius siamensis,ACTINOPTERYGII,SILURIFORMES,HORABAGRIDAE,Extinct,Freshwater (=Inland waters),Indomalayan,https://www.iucnredlist.org/species/180996/7657156
Salvelinus agassizii,ACTINOPTERYGII,SALMONIFORMES,SALMONIDAE,Extinct,Freshwater (=Inland waters),Nearctic,https://www.iucnredlist.org/species/19873/9089084
Coregonus alpenae,ACTINOPTERYGII,SALMONIFORMES,SALMONIDAE,Extinct,Freshwater (=Inland waters),Nearctic,https://www.iucnredlist.org/species/5361/11123067
Coregonus johannae,ACTINOPTERYGII,SALMONIFORMES,SALMONIDAE,Extinct,Freshwater (=Inland waters),Nearctic,https://www.iucnredlist.org/species/5367/11123849
Coregonus nigripinnis,ACTINOPTERYGII,SALMONIFORMES,SALMONIDAE,Extinct,Freshwater (=Inland waters),Nearctic,https://www.iucnredlist.org/species/5371/11124753
Coregonus oxyrinchus,ACTINOPTERYGII,SALMONIFORMES,SALMONIDAE,Extinct,Freshwater (=Inland waters),Palearctic,https://www.iucnredlist.org/species/5380/11126034
Tristramella intermedia,ACTINOPTERYGII,PERCIFORMES,CICHLIDAE,Extinct,Freshwater (=Inland waters),Palearctic,https://www.iucnredlist.org/species/60792/12399367
Salmo pallaryi,ACTINOPTERYGII,SALMONIFORMES,SALMONIDAE,Extinct,Freshwater (=Inland waters),Palearctic,https://www.iucnredlist.org/species/61190/12440688
Aplocheilichthys sp. nov. 'Naivasha',ACTINOPTERYGII,CYPRINODONTIFORMES,POECILIIDAE,Extinct,Freshwater (=Inland waters),Afrotropical,https://www.iucnredlist.org/species/61225/12451418
Telestes ukliva,ACTINOPTERYGII,CYPRINIFORMES,CYPRINIDAE,Extinct,Freshwater (=Inland waters),Palearctic,https://www.iucnredlist.org/species/61394/12460739
Chondrostoma scodrense,ACTINOPTERYGII,CYPRINIFORMES,CYPRINIDAE,Extinct,Freshwater (=Inland waters),Palearctic,https://www.iucnredlist.org/species/61345/12465545
Tristramella magdelainae,ACTINOPTERYGII,PERCIFORMES,CICHLIDAE,Extinct,Freshwater (=Inland waters),Palearctic,https://www.iucnredlist.org/species/61365/12468486
Cyprinus yilongensis,ACTINOPTERYGII,CYPRINIFORMES,CYPRINIDAE,Extinct,Freshwater (=Inland waters),Indomalayan,https://www.iucnredlist.org/species/6179/12546193
Ctenochromis pectoralis,ACTINOPTERYGII,PERCIFORMES,CICHLIDAE,Extinct,Freshwater (=Inland waters),Afrotropical,https://www.iucnredlist.org/species/9722/13011299
Cottus echinatus,ACTINOPTERYGII,SCORPAENIFORMES,COTTIDAE,Extinct,Freshwater (=Inland waters),Nearctic,https://www.iucnredlist.org/species/5438/15361621
Cyprinodon arcuatus,ACTINOPTERYGII,CYPRINODONTIFORMES,CYPRINODONTIDAE,Extinct,Freshwater (=Inland waters),Nearctic,https://www.iucnredlist.org/species/202375/15362268
Empetrichthys merriami,ACTINOPTERYGII,CYPRINODONTIFORMES,CYPRINODONTIDAE,Extinct,Freshwater (=Inland waters),Nearctic,https://www.iucnredlist.org/species/7705/15364173
Gambusia amistadensis,ACTINOPTERYGII,CYPRINODONTIFORMES,POECILIIDAE,Extinct,Freshwater (=Inland waters),Nearctic,https://www.iucnredlist.org/species/8888/18229604
Etheostoma sellare,ACTINOPTERYGII,PERCIFORMES,PERCIDAE,Extinct,Freshwater (=Inland waters),Nearctic,https://www.iucnredlist.org/species/8128/18230889
Gambusia georgei,ACTINOPTERYGII,CYPRINODONTIFORMES,POECILIIDAE,Extinct,Freshwater (=Inland waters),Nearctic,https://www.iucnredlist.org/species/8891/18233501
Alburnus akili,ACTINOPTERYGII,CYPRINIFORMES,LEUCISCIDAE,Extinct,Freshwater (=Inland waters),Palearctic,https://www.iucnredlist.org/species/787/19005895
Aphanius splendens,ACTINOPTERYGII,CYPRINODONTIFORMES,APHANIIDAE,Extinct,Freshwater (=Inland waters),Palearctic,https://www.iucnredlist.org/species/1848/19006085
Pseudophoxinus handlirschi,ACTINOPTERYGII,CYPRINIFORMES,LEUCISCIDAE,Extinct,Freshwater (=Inland waters),Palearctic,https://www.iucnredlist.org/species/40747/19007061
Tristramella sacra,ACTINOPTERYGII,PERCIFORMES,CICHLIDAE,Extinct,Freshwater (=Inland waters),Palearctic,https://www.iucnredlist.org/species/61372/19010617
Pogonichthys ciscoides,ACTINOPTERYGII,CYPRINIFORMES,CYPRINIDAE,Extinct,Freshwater (=Inland waters),Nearctic,https://www.iucnredlist.org/species/17874/19032197
Noturus trautmani,ACTINOPTERYGII,SILURIFORMES,ICTALURIDAE,Extinct,Freshwater (=Inland waters),Nearctic,https://www.iucnredlist.org/species/14908/19032932
Moxostoma lacerum,ACTINOPTERYGII,CYPRINIFORMES,CATOSTOMIDAE,Extinct,Freshwater (=Inland waters),Nearctic,https://www.iucnredlist.org/species/39291/19033113
Rhinichthys deaconi,ACTINOPTERYGII,CYPRINIFORMES,CYPRINIDAE,Extinct,Freshwater (=Inland waters),Nearctic,https://www.iucnredlist.org/species/19490/19035017
Alburnus nicaeensis,ACTINOPTERYGII,CYPRINIFORMES,LEUCISCIDAE,Extinct,Freshwater (=Inland waters),Palearctic,https://www.iucnredlist.org/species/19018670/19222798
Mirogrex hulensis,ACTINOPTERYGII,CYPRINIFORMES,CYPRINIDAE,Extinct,Freshwater (=Inland waters),Palearctic,https://www.iucnredlist.org/species/73/19848542
Prototroctes oxyrhynchus,ACTINOPTERYGII,OSMERIFORMES,RETROPINNIDAE,Extinct,Freshwater (=Inland waters)|Marine,Australasian,https://www.iucnredlist.org/species/18384/20887241
Barbus microbarbis,ACTINOPTERYGII,CYPRINIFORMES,CYPRINIDAE,Extinct,Freshwater (=Inland waters),Afrotropical,https://www.iucnredlist.org/species/61247/47242030
Pantanodon madagascariensis,ACTINOPTERYGII,CYPRINODONTIFORMES,POECILIIDAE,Extinct,Freshwater (=Inland waters),Afrotropical,https://www.iucnredlist.org/species/15949/58297104
Ptychochromis onilahy,ACTINOPTERYGII,PERCIFORMES,CICHLIDAE,Extinct,Freshwater (=Inland waters),Afrotropical,https://www.iucnredlist.org/species/44504/58308545
Labeo worthingtoni,ACTINOPTERYGII,CYPRINIFORMES,CYPRINIDAE,Extinct,Freshwater (=Inland waters),Afrotropical,https://www.iucnredlist.org/species/57507878/58341426
Chitala lopis,ACTINOPTERYGII,OSTEOGLOSSIFORMES,NOTOPTERIDAE,Extinct,Freshwater (=Inland waters),Indomalayan,https://www.iucnredlist.org/species/157719927/89815479
Notropis orca,ACTINOPTERYGII,CYPRINIFORMES,CYPRINIDAE,Extinct,Freshwater (=Inland waters),Nearctic,https://www.iucnredlist.org/species/14891/130025081
Schizothorax saltans,ACTINOPTERYGII,CYPRINIFORMES,CYPRINIDAE,Extinct,Freshwater (=Inland waters),Palearctic,https://www.iucnredlist.org/species/169838762/169838772
Barbodes pachycheilus,ACTINOPTERYGII,CYPRINIFORMES,CYPRINIDAE,Extinct,Freshwater (=Inland waters),Indomalayan,https://www.iucnredlist.org/species/4135/192624182
Barbodes resimus,ACTINOPTERYGII,CYPRINIFORMES,CYPRINIDAE,Extinct,Freshwater (=Inland waters),Indomalayan,https://www.iucnredlist.org/species/12751/192624320
Barbodes palaemophagus,ACTINOPTERYGII,CYPRINIFORMES,CYPRINIDAE,Extinct,Freshwater (=Inland waters),Indomalayan,https://www.iucnredlist.org/species/15633/192624463
Barbodes truncatulus,ACTINOPTERYGII,CYPRINIFORMES,CYPRINIDAE,Extinct,Freshwater (=Inland waters),Indomalayan,https://www.iucnredlist.org/species/15634/192624604
Barbodes amarus,ACTINOPTERYGII,CYPRINIFORMES,CYPRINIDAE,Extinct,Freshwater (=Inland waters),Indomalayan,https://www.iucnredlist.org/species/18882/192624745
Barbodes baoulan,ACTINOPTERYGII,CYPRINIFORMES,CYPRINIDAE,Extinct,Freshwater (=Inland waters),Indomalayan,https://www.iucnredlist.org/species/18884/192624901
Barbodes clemensi,ACTINOPTERYGII,CYPRINIFORMES,CYPRINIDAE,Extinct,Freshwater (=Inland waters),Indomalayan,https://www.iucnredlist.org/species/18886/192625045
Barbodes disa,ACTINOPTERYGII,CYPRINIFORMES,CYPRINIDAE,Extinct,Freshwater (=Inland waters),Indomalayan,https://www.iucnredlist.org/species/18888/192625192
Barbodes flavifuscus,ACTINOPTERYGII,CYPRINIFORMES,CYPRINIDAE,Extinct,Freshwater (=Inland waters),Indomalayan,https://www.iucnredlist.org/species/18889/192625334
Barbodes herrei,ACTINOPTERYGII,CYPRINIFORMES,CYPRINIDAE,Extinct,Freshwater (=Inland waters),Indomalayan,https://www.iucnredlist.org/species/18890/192625464
Barbodes katolo,ACTINOPTERYGII,CYPRINIFORMES,CYPRINIDAE,Extinct,Freshwater (=Inland waters),Indomalayan,https://www.iucnredlist.org/species/18891/192625645
Barbodes lanaoensis,ACTINOPTERYGII,CYPRINIFORMES,CYPRINIDAE,Extinct,Freshwater (=Inland waters),Indomalayan,https://www.iucnredlist.org/species/18892/192625785
Barbodes tras,ACTINOPTERYGII,CYPRINIFORMES,CYPRINIDAE,Extinct,Freshwater (=Inland waters),Indomalayan,https://www.iucnredlist.org/species/18901/192626206
Barbodes manalak,ACTINOPTERYGII,CYPRINIFORMES,CYPRINIDAE,Extinct,Freshwater (=Inland waters),Indomalayan,https://www.iucnredlist.org/species/18904/192626589
Barbodes palata,ACTINOPTERYGII,CYPRINIFORMES,CYPRINIDAE,Extinct,Freshwater (=Inland waters),Indomalayan,https://www.iucnredlist.org/species/20687/192626734
Lepidomeda altivelis,ACTINOPTERYGII,CYPRINIFORMES,CYPRINIDAE,Extinct,Freshwater (=Inland waters),Nearctic,https://www.iucnredlist.org/species/11577/207440879
Gila crassicauda,ACTINOPTERYGII,CYPRINIFORMES,LEUCISCIDAE,Extinct,Freshwater (=Inland waters),Nearctic,https://www.iucnredlist.org/species/9183/207441342
Fundulus albolineatus,ACTINOPTERYGII,CYPRINODONTIFORMES,FUNDULIDAE,Extinct,Freshwater (=Inland waters),Nearctic,https://www.iucnredlist.org/species/8706/207441610
Tachygyia microlepis,REPTILIA,SQUAMATA,SCINCIDAE,Extinct,Terrestrial,Oceanian,https://www.iucnredlist.org/species/21286/2775072
Chelonoidis niger,REPTILIA,TESTUDINES,TESTUDINIDAE,Extinct,Terrestrial,Neotropical,https://www.iucnredlist.org/species/9023/3149101
Cyclura onchiopsis,REPTILIA,SQUAMATA,IGUANIDAE,Extinct,Terrestrial,Neotropical,https://www.iucnredlist.org/species/173001/6955940
Cylindraspis indica,REPTILIA,TESTUDINES,TESTUDINIDAE,Extinct,Terrestrial,Afrotropical,https://www.iucnredlist.org/species/6061/12383518
Cylindraspis inepta,REPTILIA,TESTUDINES,TESTUDINIDAE,Extinct,Terrestrial,Afrotropical,https://www.iucnredlist.org/species/6062/12385198
Cylindraspis peltastes,REPTILIA,TESTUDINES,TESTUDINIDAE,Extinct,Terrestrial,Afrotropical,https://www.iucnredlist.org/species/6063/12388776
Cylindraspis triserrata,REPTILIA,TESTUDINES,TESTUDINIDAE,Extinct,Terrestrial,Afrotropical,https://www.iucnredlist.org/species/6064/12390055
Cylindraspis vosmaeri,REPTILIA,TESTUDINES,TESTUDINIDAE,Extinct,Terrestrial,Afrotropical,https://www.iucnredlist.org/species/6065/12391587
Bolyeria multocarinata,REPTILIA,SQUAMATA,BOLYERIDAE,Extinct,Terrestrial,Afrotropical,https://www.iucnredlist.org/species/2864/13483086
Gongylomorphus borbonicus,REPTILIA,SQUAMATA,SCINCIDAE,Extinct,Terrestrial,Afrotropical,https://www.iucnredlist.org/species/17023321/17023353
Leiolopisma ceciliae,REPTILIA,SQUAMATA,SCINCIDAE,Extinct,Terrestrial,Afrotropical,https://www.iucnredlist.org/species/17023550/17023949
Phelsuma edwardnewtonii,REPTILIA,SQUAMATA,GEKKONIDAE,Extinct,Terrestrial,Afrotropical,https://www.iucnredlist.org/species/17432631/17432636
Contomastix charrua,REPTILIA,SQUAMATA,TEIIDAE,Extinct,Terrestrial,Neotropical,https://www.iucnredlist.org/species/63488699/63488710
Chelonoidis abingdonii,REPTILIA,TESTUDINES,TESTUDINIDAE,Extinct,Terrestrial,Neotropical,https://www.iucnredlist.org/species/9017/65487433
Pelusios seychellensis,REPTILIA,TESTUDINES,PELOMEDUSIDAE,Extinct,Terrestrial|Freshwater (=Inland waters),Afrotropical,https://www.iucnredlist.org/species/16527/97386102
Emoia nativitatis,REPTILIA,SQUAMATA,SCINCIDAE,Extinct,Terrestrial,Indomalayan,https://www.iucnredlist.org/species/178595/101749951
Leiocephalus herminieri,REPTILIA,SQUAMATA,TROPIDURIDAE,Extinct,Terrestrial,Neotropical,https://www.iucnredlist.org/species/11389/115102240
Erythrolamprus perfuscus,REPTILIA,SQUAMATA,DIPSADIDAE,Extinct,Terrestrial,Neotropical,https://www.iucnredlist.org/species/12081/115104581
Clelia errabunda,REPTILIA,SQUAMATA,DIPSADIDAE,Extinct,Terrestrial,Neotropical,https://www.iucnredlist.org/species/203441/115349952
Alinea luciae,REPTILIA,SQUAMATA,SCINCIDAE,Extinct,Terrestrial,Neotropical,https://www.iucnredlist.org/species/44579175/115387556
Copeoglossum redondae,REPTILIA,SQUAMATA,SCINCIDAE,Extinct,Terrestrial,Neotropical,https://www.iucnredlist.org/species/47102774/115396604
Leiocephalus cuneus,REPTILIA,SQUAMATA,TROPIDURIDAE,Extinct,Terrestrial,Neotropical,https://www.iucnredlist.org/species/75306422/115482357
Tetradactylus eastwoodae,REPTILIA,SQUAMATA,GERRHOSAURIDAE,Extinct,Terrestrial,Afrotropical,https://www.iucnredlist.org/species/21663/115653635
Scelotes guentheri,REPTILIA,SQUAMATA,SCINCIDAE,Extinct,Terrestrial,Afrotropical,https://www.iucnredlist.org/species/44979051/115670551
Hoplodactylus delcourti,REPTILIA,SQUAMATA,DIPLODACTYLIDAE,Extinct,Terrestrial,Australasian,https://www.iucnredlist.org/species/10254/120158840
Pholidoscelis cineraceus,REPTILIA,SQUAMATA,TEIIDAE,Extinct,Terrestrial,Neotropical,https://www.iucnredlist.org/species/1119/121639617
Nactus soniae,REPTILIA,SQUAMATA,GEKKONIDAE,Extinct,Terrestrial,Afrotropical,https://www.iucnredlist.org/species/13484053/164136280
Leiolopisma mauritiana,REPTILIA,SQUAMATA,SCINCIDAE,Extinct,Terrestrial,Afrotropical,https://www.iucnredlist.org/species/11410/166839636
Phelsuma gigas,REPTILIA,SQUAMATA,GEKKONIDAE,Extinct,Terrestrial,Afrotropical,https://www.iucnredlist.org/species/16925/166929864
Madatyphlops cariei,REPTILIA,SQUAMATA,TYPHLOPIDAE,Extinct,Terrestrial,Afrotropical,https://www.iucnredlist.org/species/22607/166933641
Chioninia coctei,REPTILIA,SQUAMATA,SCINCIDAE,Extinct,Terrestrial,Afrotropical,https://www.iucnredlist.org/species/13152363/207442561
Leiocephalus eremitus,REPTILIA,SQUAMATA,TROPIDURIDAE,Extinct,Terrestrial,Neotropical,https://www.iucnredlist.org/species/11388/207443416
Phrynomedusa fimbriata,AMPHIBIA,ANURA,PHYLLOMEDUSIDAE,Extinct,Terrestrial|Freshwater (=Inland waters),Neotropical,https://www.iucnredlist.org/species/17078/6797217
Lithobates fisheri,AMPHIBIA,ANURA,RANIDAE,Extinct,Terrestrial|Freshwater (=Inland waters),Nearctic,https://www.iucnredlist.org/species/19148/8842858
Rheobatrachus silus,AMPHIBIA,ANURA,MYOBATRACHIDAE,Extinct,Terrestrial|Freshwater (=Inland waters),Australasian,https://www.iucnredlist.org/species/19475/8896430
Rheobatrachus vitellinus,AMPHIBIA,ANURA,MYOBATRACHIDAE,Extinct,Terrestrial|Freshwater (=Inland waters),Australasian,https://www.iucnredlist.org/species/19476/8897826
Taudactylus diurnus,AMPHIBIA,ANURA,MYOBATRACHIDAE,Extinct,Terrestrial|Freshwater (=Inland waters),Australasian,https://www.iucnredlist.org/species/21530/9298760
Plethodon ainsworthi,AMPHIBIA,CAUDATA,PLETHODONTIDAE,Extinct,Terrestrial|Freshwater (=Inland waters),Nearctic,https://www.iucnredlist.org/species/29488/9501575
Atelopus longirostris,AMPHIBIA,ANURA,BUFONIDAE,Extinct,Terrestrial|Freshwater (=Inland waters),Neotropical,https://www.iucnredlist.org/species/54522/11158637
Atelopus chiriquiensis,AMPHIBIA,ANURA,BUFONIDAE,Extinct,Terrestrial|Freshwater (=Inland waters),Neotropical,https://www.iucnredlist.org/species/54498/54340769
Oophaga speciosa,AMPHIBIA,ANURA,DENDROBATIDAE,Extinct,Terrestrial,Neotropical,https://www.iucnredlist.org/species/55201/54344718
Incilius periglenes,AMPHIBIA,ANURA,BUFONIDAE,Extinct,Terrestrial|Freshwater (=Inland waters),Neotropical,https://www.iucnredlist.org/species/3172/54357699
Atelopus senex,AMPHIBIA,ANURA,BUFONIDAE,Extinct,Terrestrial|Freshwater (=Inland waters),Neotropical,https://www.iucnredlist.org/species/54549/54358350
Craugastor anciano,AMPHIBIA,ANURA,CRAUGASTORIDAE,Extinct,Terrestrial|Freshwater (=Inland waters),Neotropical,https://www.iucnredlist.org/species/56413/54365740
Craugastor myllomyllon,AMPHIBIA,ANURA,CRAUGASTORIDAE,Extinct,Terrestrial,Neotropical,https://www.iucnredlist.org/species/56782/54369332
Craugastor omoaensis,AMPHIBIA,ANURA,CRAUGASTORIDAE,Extinct,Terrestrial|Freshwater (=Inland waters),Neotropical,https://www.iucnredlist.org/species/56810/54369525
Pseudoeurycea exspectata,AMPHIBIA,CAUDATA,PLETHODONTIDAE,Extinct,Terrestrial,Neotropical,https://www.iucnredlist.org/species/59376/54381158
Cynops wolterstorffi,AMPHIBIA,CAUDATA,SALAMANDRIDAE,Extinct,Terrestrial|Freshwater (=Inland waters),Palearctic,https://www.iucnredlist.org/species/59445/63869216
Atelopus vogli,AMPHIBIA,ANURA,BUFONIDAE,Extinct,Terrestrial|Freshwater (=Inland waters),Neotropical,https://www.iucnredlist.org/species/54561/109529582
Nannophrys guentheri,AMPHIBIA,ANURA,DICROGLOSSIDAE,Extinct,Terrestrial|Freshwater (=Inland waters),Indomalayan,https://www.iucnredlist.org/species/58390/156580255
Pseudophilautus adspersus,AMPHIBIA,ANURA,RHACOPHORIDAE,Extinct,Terrestrial,Indomalayan,https://www.iucnredlist.org/species/58811/156580927
Pseudophilautus dimbullae,AMPHIBIA,ANURA,RHACOPHORIDAE,Extinct,Terrestrial,Indomalayan,https://www.iucnredlist.org/species/58835/156581915
Pseudophilautus eximius,AMPHIBIA,ANURA,RHACOPHORIDAE,Extinct,Terrestrial,Indomalayan,https://www.iucnredlist.org/species/58839/156581975
Pseudophilautus extirpo,AMPHIBIA,ANURA,RHACOPHORIDAE,Extinct,Terrestrial,Indomalayan,https://www.iucnredlist.org/species/58840/156582033
Pseudophilautus halyi,AMPHIBIA,ANURA,RHACOPHORIDAE,Extinct,Terrestrial,Indomalayan,https://www.iucnredlist.org/species/58852/156582452
Pseudophilautus leucorhinus,AMPHIBIA,ANURA,RHACOPHORIDAE,Extinct,Terrestrial,Indomalayan,https://www.iucnredlist.org/species/58862/156582678
Pseudophilautus malcolmsmithi,AMPHIBIA,ANURA,RHACOPHORIDAE,Extinct,Terrestrial,Indomalayan,https://www.iucnredlist.org/species/58869/156583167
Pseudophilautus nanus,AMPHIBIA,ANURA,RHACOPHORIDAE,Extinct,Terrestrial,Indomalayan,https://www.iucnredlist.org/species/58877/156583351
Pseudophilautus nasutus,AMPHIBIA,ANURA,RHACOPHORIDAE,Extinct,Terrestrial,Indomalayan,https://www.iucnredlist.org/species/58878/156583411
Pseudophilautus oxyrhynchus,AMPHIBIA,ANURA,RHACOPHORIDAE,Extinct,Terrestrial,Indomalayan,https://www.iucnredlist.org/species/58883/156583754
Pseudophilautus rugatus,AMPHIBIA,ANURA,RHACOPHORIDAE,Extinct,Terrestrial,Indomalayan,https://www.iucnredlist.org/species/58895/156584657
Pseudophilautus temporalis,AMPHIBIA,ANURA,RHACOPHORIDAE,Extinct,Terrestrial,Indomalayan,https://www.iucnredlist.org/species/58924/156585775
Pseudophilautus variabilis,AMPHIBIA,ANURA,RHACOPHORIDAE,Extinct,Terrestrial,Indomalayan,https://www.iucnredlist.org/species/58931/156585835
Pseudophilautus zal,AMPHIBIA,ANURA,RHACOPHORIDAE,Extinct,Terrestrial,Indomalayan,https://www.iucnredlist.org/species/58938/156586194
Pseudophilautus zimmeri,AMPHIBIA,ANURA,RHACOPHORIDAE,Extinct,Terrestrial,Indomalayan,https://www.iucnredlist.org/species/58939/156586253
Pseudophilautus maia,AMPHIBIA,ANURA,RHACOPHORIDAE,Extinct,Terrestrial,Indomalayan,https://www.iucnredlist.org/species/136000/156588623
Pseudophilautus pardus,AMPHIBIA,ANURA,RHACOPHORIDAE,Extinct,Terrestrial,Indomalayan,https://www.iucnredlist.org/species/136163/156588728
Eudontomyzon sp. nov. 'migratory',CEPHALASPIDOMORPHI,PETROMYZONTIFORMES,PETROMYZONTIDAE,Extinct,Freshwater (=Inland waters),Palearctic,https://www.iucnredlist.org/species/135505/4134478
